model,rmse,mae
persistence,0.0006983995484579383,0.0003519293365662936
roll_mean_5,0.006522573551531178,0.0058212640105192075
roll_mean_10,0.006180057618613907,0.005464178309721825
roll_mean_21,0.004771837018441704,0.0038763891205645853
global_mean,0.004544978355656587,0.0034888623632417367
