model,rmse,mae
LSTM,0.0007240047718017643,0.00041667262263702124
