model,rmse,mae
GARCH,0.040243589625851776,0.03727668501854758
