model,rmse,mae
Transformer,0.0006933759423608932,0.000358839607383322
